{"cameraMode":{"drawMode":0,"name":"Shaded","section":"Shading Mode"},"sceneLighting":false,"audioPlay":false,"sceneViewState":{"m_AlwaysRefresh":false,"showFog":true,"showSkybox":false,"showFlares":true,"showImageEffects":true,"showParticleSystems":true,"showVisualEffectGraphs":true,"m_FxEnabled":true},"in2DMode":false,"pivot":{"x":0.9775271415710449,"y":0.32248401641845705,"z":1.314185380935669},"rotation":{"x":0.032881371676921847,"y":-0.9400060772895813,"z":0.09478982537984848,"w":0.32607501745224},"size":0.954062819480896,"orthographic":true}