{"cameraMode":{"drawMode":0,"name":"Shaded","section":"Shading Mode"},"sceneLighting":false,"audioPlay":false,"sceneViewState":{"m_AlwaysRefresh":false,"showFog":true,"showSkybox":false,"showFlares":true,"showImageEffects":true,"showParticleSystems":true,"showVisualEffectGraphs":true,"m_FxEnabled":true},"in2DMode":false,"pivot":{"x":-0.9549387693405151,"y":0.11630841344594956,"z":1.3380976915359498},"rotation":{"x":0.034821148961782458,"y":0.9097537398338318,"z":-0.07797404378652573,"w":0.40627121925354006},"size":3.6576225757598879,"orthographic":false}